Goal,Target,Indicator,SeriesCode,SeriesDescription,GeoAreaCode,GeoAreaName,TimePeriod,Value,Time_Detail,TimeCoverage,UpperBound,LowerBound,BasePeriod,Source,GeoInfoUrl,FootNote,[Age],[Freq],[Location],[Nature],[Observation Status],[Reporting Type],[Sex],[Units]
"15","15.1","15.1.2","ER_PTD_TERR","Average proportion of Terrestrial Key Biodiversity Areas (KBAs) covered by protected areas (%)","764","Thailand","2000","63.153669999999998","2000","","63.153669999999998","63.153669999999998","","BirdLife International, IUCN and UNEP-WCMC (2021). Based on spatial overlap between polygons for Key Biodiversity Areas from the World Database of Key Biodiveristy Areas (www.keybiodiversityareas.org) and polygons for protected areas from the World Database on Protected Areas and (where available) for Other Effective area-based Conservation Measures and from the World Database on OECMs (www.protectedplanet.net)","","","","","","C","A","G","","PERCENT"
"15","15.1","15.1.2","ER_PTD_TERR","Average proportion of Terrestrial Key Biodiversity Areas (KBAs) covered by protected areas (%)","764","Thailand","2001","63.323459999999997","2001","","63.323459999999997","63.323459999999997","","BirdLife International, IUCN and UNEP-WCMC (2021). Based on spatial overlap between polygons for Key Biodiversity Areas from the World Database of Key Biodiveristy Areas (www.keybiodiversityareas.org) and polygons for protected areas from the World Database on Protected Areas and (where available) for Other Effective area-based Conservation Measures and from the World Database on OECMs (www.protectedplanet.net)","","","","","","C","A","G","","PERCENT"
"15","15.1","15.1.2","ER_PTD_TERR","Average proportion of Terrestrial Key Biodiversity Areas (KBAs) covered by protected areas (%)","764","Thailand","2002","63.359529999999999","2002","","63.359529999999999","63.359529999999999","","BirdLife International, IUCN and UNEP-WCMC (2021). Based on spatial overlap between polygons for Key Biodiversity Areas from the World Database of Key Biodiveristy Areas (www.keybiodiversityareas.org) and polygons for protected areas from the World Database on Protected Areas and (where available) for Other Effective area-based Conservation Measures and from the World Database on OECMs (www.protectedplanet.net)","","","","","","C","A","G","","PERCENT"
"15","15.1","15.1.2","ER_PTD_TERR","Average proportion of Terrestrial Key Biodiversity Areas (KBAs) covered by protected areas (%)","764","Thailand","2003","63.359529999999999","2003","","63.359529999999999","63.359529999999999","","BirdLife International, IUCN and UNEP-WCMC (2021). Based on spatial overlap between polygons for Key Biodiversity Areas from the World Database of Key Biodiveristy Areas (www.keybiodiversityareas.org) and polygons for protected areas from the World Database on Protected Areas and (where available) for Other Effective area-based Conservation Measures and from the World Database on OECMs (www.protectedplanet.net)","","","","","","C","A","G","","PERCENT"
"15","15.1","15.1.2","ER_PTD_TERR","Average proportion of Terrestrial Key Biodiversity Areas (KBAs) covered by protected areas (%)","764","Thailand","2004","63.359529999999999","2004","","63.359529999999999","63.359529999999999","","BirdLife International, IUCN and UNEP-WCMC (2021). Based on spatial overlap between polygons for Key Biodiversity Areas from the World Database of Key Biodiveristy Areas (www.keybiodiversityareas.org) and polygons for protected areas from the World Database on Protected Areas and (where available) for Other Effective area-based Conservation Measures and from the World Database on OECMs (www.protectedplanet.net)","","","","","","C","A","G","","PERCENT"
"15","15.1","15.1.2","ER_PTD_TERR","Average proportion of Terrestrial Key Biodiversity Areas (KBAs) covered by protected areas (%)","764","Thailand","2005","63.359529999999999","2005","","63.359529999999999","63.359529999999999","","BirdLife International, IUCN and UNEP-WCMC (2021). Based on spatial overlap between polygons for Key Biodiversity Areas from the World Database of Key Biodiveristy Areas (www.keybiodiversityareas.org) and polygons for protected areas from the World Database on Protected Areas and (where available) for Other Effective area-based Conservation Measures and from the World Database on OECMs (www.protectedplanet.net)","","","","","","C","A","G","","PERCENT"
"15","15.1","15.1.2","ER_PTD_TERR","Average proportion of Terrestrial Key Biodiversity Areas (KBAs) covered by protected areas (%)","764","Thailand","2006","63.359529999999999","2006","","63.359529999999999","63.359529999999999","","BirdLife International, IUCN and UNEP-WCMC (2021). Based on spatial overlap between polygons for Key Biodiversity Areas from the World Database of Key Biodiveristy Areas (www.keybiodiversityareas.org) and polygons for protected areas from the World Database on Protected Areas and (where available) for Other Effective area-based Conservation Measures and from the World Database on OECMs (www.protectedplanet.net)","","","","","","C","A","G","","PERCENT"
"15","15.1","15.1.2","ER_PTD_TERR","Average proportion of Terrestrial Key Biodiversity Areas (KBAs) covered by protected areas (%)","764","Thailand","2007","64.222539999999995","2007","","64.222539999999995","64.222539999999995","","BirdLife International, IUCN and UNEP-WCMC (2021). Based on spatial overlap between polygons for Key Biodiversity Areas from the World Database of Key Biodiveristy Areas (www.keybiodiversityareas.org) and polygons for protected areas from the World Database on Protected Areas and (where available) for Other Effective area-based Conservation Measures and from the World Database on OECMs (www.protectedplanet.net)","","","","","","C","A","G","","PERCENT"
"15","15.1","15.1.2","ER_PTD_TERR","Average proportion of Terrestrial Key Biodiversity Areas (KBAs) covered by protected areas (%)","764","Thailand","2008","65.107939999999999","2008","","65.107939999999999","65.107939999999999","","BirdLife International, IUCN and UNEP-WCMC (2021). Based on spatial overlap between polygons for Key Biodiversity Areas from the World Database of Key Biodiveristy Areas (www.keybiodiversityareas.org) and polygons for protected areas from the World Database on Protected Areas and (where available) for Other Effective area-based Conservation Measures and from the World Database on OECMs (www.protectedplanet.net)","","","","","","C","A","G","","PERCENT"
"15","15.1","15.1.2","ER_PTD_TERR","Average proportion of Terrestrial Key Biodiversity Areas (KBAs) covered by protected areas (%)","764","Thailand","2009","66.743070000000003","2009","","66.743070000000003","66.743070000000003","","BirdLife International, IUCN and UNEP-WCMC (2021). Based on spatial overlap between polygons for Key Biodiversity Areas from the World Database of Key Biodiveristy Areas (www.keybiodiversityareas.org) and polygons for protected areas from the World Database on Protected Areas and (where available) for Other Effective area-based Conservation Measures and from the World Database on OECMs (www.protectedplanet.net)","","","","","","C","A","G","","PERCENT"
"15","15.1","15.1.2","ER_PTD_TERR","Average proportion of Terrestrial Key Biodiversity Areas (KBAs) covered by protected areas (%)","764","Thailand","2010","66.743070000000003","2010","","66.743070000000003","66.743070000000003","","BirdLife International, IUCN and UNEP-WCMC (2021). Based on spatial overlap between polygons for Key Biodiversity Areas from the World Database of Key Biodiveristy Areas (www.keybiodiversityareas.org) and polygons for protected areas from the World Database on Protected Areas and (where available) for Other Effective area-based Conservation Measures and from the World Database on OECMs (www.protectedplanet.net)","","","","","","C","A","G","","PERCENT"
"15","15.1","15.1.2","ER_PTD_TERR","Average proportion of Terrestrial Key Biodiversity Areas (KBAs) covered by protected areas (%)","764","Thailand","2011","66.796300000000002","2011","","66.796300000000002","66.796300000000002","","BirdLife International, IUCN and UNEP-WCMC (2021). Based on spatial overlap between polygons for Key Biodiversity Areas from the World Database of Key Biodiveristy Areas (www.keybiodiversityareas.org) and polygons for protected areas from the World Database on Protected Areas and (where available) for Other Effective area-based Conservation Measures and from the World Database on OECMs (www.protectedplanet.net)","","","","","","C","A","G","","PERCENT"
"15","15.1","15.1.2","ER_PTD_TERR","Average proportion of Terrestrial Key Biodiversity Areas (KBAs) covered by protected areas (%)","764","Thailand","2012","66.796300000000002","2012","","66.796300000000002","66.796300000000002","","BirdLife International, IUCN and UNEP-WCMC (2021). Based on spatial overlap between polygons for Key Biodiversity Areas from the World Database of Key Biodiveristy Areas (www.keybiodiversityareas.org) and polygons for protected areas from the World Database on Protected Areas and (where available) for Other Effective area-based Conservation Measures and from the World Database on OECMs (www.protectedplanet.net)","","","","","","C","A","G","","PERCENT"
"15","15.1","15.1.2","ER_PTD_TERR","Average proportion of Terrestrial Key Biodiversity Areas (KBAs) covered by protected areas (%)","764","Thailand","2013","67.637349999999998","2013","","67.637349999999998","67.637349999999998","","BirdLife International, IUCN and UNEP-WCMC (2021). Based on spatial overlap between polygons for Key Biodiversity Areas from the World Database of Key Biodiveristy Areas (www.keybiodiversityareas.org) and polygons for protected areas from the World Database on Protected Areas and (where available) for Other Effective area-based Conservation Measures and from the World Database on OECMs (www.protectedplanet.net)","","","","","","C","A","G","","PERCENT"
"15","15.1","15.1.2","ER_PTD_TERR","Average proportion of Terrestrial Key Biodiversity Areas (KBAs) covered by protected areas (%)","764","Thailand","2014","67.637349999999998","2014","","67.637349999999998","67.637349999999998","","BirdLife International, IUCN and UNEP-WCMC (2021). Based on spatial overlap between polygons for Key Biodiversity Areas from the World Database of Key Biodiveristy Areas (www.keybiodiversityareas.org) and polygons for protected areas from the World Database on Protected Areas and (where available) for Other Effective area-based Conservation Measures and from the World Database on OECMs (www.protectedplanet.net)","","","","","","C","A","G","","PERCENT"
"15","15.1","15.1.2","ER_PTD_TERR","Average proportion of Terrestrial Key Biodiversity Areas (KBAs) covered by protected areas (%)","764","Thailand","2015","67.637349999999998","2015","","67.637349999999998","67.637349999999998","","BirdLife International, IUCN and UNEP-WCMC (2021). Based on spatial overlap between polygons for Key Biodiversity Areas from the World Database of Key Biodiveristy Areas (www.keybiodiversityareas.org) and polygons for protected areas from the World Database on Protected Areas and (where available) for Other Effective area-based Conservation Measures and from the World Database on OECMs (www.protectedplanet.net)","","","","","","C","A","G","","PERCENT"
"15","15.1","15.1.2","ER_PTD_TERR","Average proportion of Terrestrial Key Biodiversity Areas (KBAs) covered by protected areas (%)","764","Thailand","2016","67.95881","2016","","67.95881","67.95881","","BirdLife International, IUCN and UNEP-WCMC (2021). Based on spatial overlap between polygons for Key Biodiversity Areas from the World Database of Key Biodiveristy Areas (www.keybiodiversityareas.org) and polygons for protected areas from the World Database on Protected Areas and (where available) for Other Effective area-based Conservation Measures and from the World Database on OECMs (www.protectedplanet.net)","","","","","","C","A","G","","PERCENT"
"15","15.1","15.1.2","ER_PTD_TERR","Average proportion of Terrestrial Key Biodiversity Areas (KBAs) covered by protected areas (%)","764","Thailand","2017","67.95881","2017","","67.95881","67.95881","","BirdLife International, IUCN and UNEP-WCMC (2021). Based on spatial overlap between polygons for Key Biodiversity Areas from the World Database of Key Biodiveristy Areas (www.keybiodiversityareas.org) and polygons for protected areas from the World Database on Protected Areas and (where available) for Other Effective area-based Conservation Measures and from the World Database on OECMs (www.protectedplanet.net)","","","","","","C","A","G","","PERCENT"
"15","15.1","15.1.2","ER_PTD_TERR","Average proportion of Terrestrial Key Biodiversity Areas (KBAs) covered by protected areas (%)","764","Thailand","2018","68.03098","2018","","68.03098","68.03098","","BirdLife International, IUCN and UNEP-WCMC (2021). Based on spatial overlap between polygons for Key Biodiversity Areas from the World Database of Key Biodiveristy Areas (www.keybiodiversityareas.org) and polygons for protected areas from the World Database on Protected Areas and (where available) for Other Effective area-based Conservation Measures and from the World Database on OECMs (www.protectedplanet.net)","","","","","","C","A","G","","PERCENT"
"15","15.1","15.1.2","ER_PTD_TERR","Average proportion of Terrestrial Key Biodiversity Areas (KBAs) covered by protected areas (%)","764","Thailand","2019","68.03098","2019","","68.03098","68.03098","","BirdLife International, IUCN and UNEP-WCMC (2021). Based on spatial overlap between polygons for Key Biodiversity Areas from the World Database of Key Biodiveristy Areas (www.keybiodiversityareas.org) and polygons for protected areas from the World Database on Protected Areas and (where available) for Other Effective area-based Conservation Measures and from the World Database on OECMs (www.protectedplanet.net)","","","","","","C","A","G","","PERCENT"
"15","15.1","15.1.2","ER_PTD_TERR","Average proportion of Terrestrial Key Biodiversity Areas (KBAs) covered by protected areas (%)","764","Thailand","2020","68.03098","2020","","68.03098","68.03098","","BirdLife International, IUCN and UNEP-WCMC (2021). Based on spatial overlap between polygons for Key Biodiversity Areas from the World Database of Key Biodiveristy Areas (www.keybiodiversityareas.org) and polygons for protected areas from the World Database on Protected Areas and (where available) for Other Effective area-based Conservation Measures and from the World Database on OECMs (www.protectedplanet.net)","","","","","","C","A","G","","PERCENT"
"15","15.1","15.1.2","ER_PTD_TERR","Average proportion of Terrestrial Key Biodiversity Areas (KBAs) covered by protected areas (%)","764","Thailand","2021","68.03098","2021","","68.03098","68.03098","","BirdLife International, IUCN and UNEP-WCMC (2021). Based on spatial overlap between polygons for Key Biodiversity Areas from the World Database of Key Biodiveristy Areas (www.keybiodiversityareas.org) and polygons for protected areas from the World Database on Protected Areas and (where available) for Other Effective area-based Conservation Measures and from the World Database on OECMs (www.protectedplanet.net)","","","","","","C","A","G","","PERCENT"
"15","15.1","15.1.2","ER_PTD_TERR","Average proportion of Terrestrial Key Biodiversity Areas (KBAs) covered by protected areas (%)","764","Thailand","2022","68.039190000000005","2022","","68.039190000000005","68.039190000000005","","BirdLife International, IUCN and UNEP-WCMC (2021). Based on spatial overlap between polygons for Key Biodiversity Areas from the World Database of Key Biodiveristy Areas (www.keybiodiversityareas.org) and polygons for protected areas from the World Database on Protected Areas and (where available) for Other Effective area-based Conservation Measures and from the World Database on OECMs (www.protectedplanet.net)","","","","","","C","A","G","","PERCENT"
"15","15.1","15.1.2","ER_PTD_TERR","Average proportion of Terrestrial Key Biodiversity Areas (KBAs) covered by protected areas (%)","764","Thailand","2023","68.039190000000005","2023","","68.039190000000005","68.039190000000005","","BirdLife International, IUCN and UNEP-WCMC (2021). Based on spatial overlap between polygons for Key Biodiversity Areas from the World Database of Key Biodiveristy Areas (www.keybiodiversityareas.org) and polygons for protected areas from the World Database on Protected Areas and (where available) for Other Effective area-based Conservation Measures and from the World Database on OECMs (www.protectedplanet.net)","","","","","","C","A","G","","PERCENT"
                                                                                                                                                                                                                                                                                                                                                                                                                                                                                                                                                                                                                                                                                                                                                                                                                                                                                                                                                                                                                                                                                                                                                                                                                                                                                                                                                                                                                                                                                                                                                                                                                                                                                                                                                                                                                                                                                                                                                                                                                                                                                                                                                                                                                                                                                                                                                                                                                                                                                                                                                                                                                                                                                                                                                                                                                                                                                                                                                                                                                                                                                                                                                                                                                                                                                                                                                                                                                                                                                                                                                                                                                                                                                                                                                                                                                                                                                                                                                                                                                                                                                                                                                                                                                                                                                                                                                                                                                                                                                                                                                                                                                                                                                                                                                                                                                                                                                                                                                                                                                                                                                                                                                                                                                                                                                                                                                                                                                                                                                                                                                                                                                                                                                                                                                                                                                                                                                                                                                                                                                                                                                                                                                                                                                                                                                                                                                                                                                                                                                                                                                                                                                                                                                                                                                                                                                                                                                                                                                                                                                                                                                                                                                                                                                                                                                                                                                                                                                                                                                                                                                                                                                                                                                                                                                                                                                                                                                                                                                                                                                                                                                                                                                                                                                                                                                                                                                                                                                                                                                                                                                                                                                                                                                                                                                                                                                                                                                                                                                                                                                                                                                                                                                                                                                                                                                                                                                                                                                                                                                                                                                                                                                                                                                                                                                                                                                                                                                                                                                                                                                                                                                                                                                                                                                                                                                                                                                                                                                                                                                                                                                                                                                                                                                                                                                                                                                                                                                                                                                                                                                                                                                                                                                                                                                                                                                                                                                                                                                                                                                                                                                                                                                                                                                                                                                                                                                                                                                                                                                                                                                                                                                                                                                                                                                                                                                                                                                                                                                                                                                                                                                                                                                                                                                                                                                                                                                                                                                                                                                                                                                                                                                                                                                                                                                                                                                                                                                                                                                                                                                                                                                                                                                                                                                                                                                                                                                                                                                                                                                                                                                                                                                                                                                                                                                                                                                                                                                                                                                                                                                                                                                                                                                                                                                                                                                                                                                                                                                                                                                                                                                                                                                                                                                                                                                                                                                                                                                                                                                                                                                                                                                                                                                                                                                                                                                                                                                                                                                                                                                                                                                                                                                                                                                                                                                                                                                                                                                                                                                                                                                                                                                                                                                                                                                                                                                                                             